id,firstName,lastName,email
1,Charles,Gonzalez,charles.gonzalez@example.com
2,Josiah,Henderson,josiah.henderson@example.com
3,Joseph,Smith,joseph.smith@example.com
4,Christopher,Sanders,christopher.sanders@example.com
5,Maya,Howard,maya.howard@example.com
6,William,Torres,william.torres@example.com
7,Ryan,Davis,ryan.davis@example.com
8,Scarlett,Washington,scarlett.washington@example.com
9,Samuel,Carter,samuel.carter@example.com
10,Amelia,Powell,amelia.powell@example.com
11,Hannah,James,hannah.james@example.com
12,Skylar,Campbell,skylar.campbell@example.com
13,Aaliyah,Green,aaliyah.green@example.com
14,Anthony,Foster,anthony.foster@example.com
15,Addison,Henderson,addison.henderson@example.com
16,Alyssa,Powell,alyssa.powell@example.com
17,Aaliyah,Davis,aaliyah.davis@example.com
18,Andrew,Ward,andrew.ward@example.com
19,Bella,Turner,bella.turner@example.com
20,Luna,Watson,luna.watson@example.com
21,Jonathan,Bell,jonathan.bell@example.com
22,Harper,Edwards,harper.edwards@example.com
23,Nathan,Moore,nathan.moore@example.com
24,Samantha,Cooper,samantha.cooper@example.com
25,Madelyn,Barnes,madelyn.barnes@example.com
26,Addison,Hernandez,addison.hernandez@example.com
27,Ella,Wood,ella.wood@example.com
28,Henry,Bennett,henry.bennett@example.com
29,Landon,Turner,landon.turner@example.com
30,Landon,Lopez,landon.lopez@example.com
31,Maya,Perry,maya.perry@example.com
32,Ryan,Washington,ryan.washington@example.com
33,Colton,Butler,colton.butler@example.com
34,Levi,Rogers,levi.rogers@example.com
35,Daniel,Hall,daniel.hall@example.com
36,Samuel,Patterson,samuel.patterson@example.com
37,Ava,Stewart,ava.stewart@example.com
38,Savannah,Lewis,savannah.lewis@example.com
39,Oliver,Simmons,oliver.simmons@example.com
40,David,Rogers,david.rogers@example.com
41,Elijah,Walker,elijah.walker@example.com
42,Ella,Kim,ella.kim@example.com
43,Gabriel,Watson,gabriel.watson@example.com
44,Arianna,Sanchez,arianna.sanchez@example.com
45,David,Green,david.green@example.com
46,Josiah,Lopez,josiah.lopez@example.com
47,Sadie,Rivera,sadie.rivera@example.com
48,Lucas,Cooper,lucas.cooper@example.com
49,Piper,Patterson,piper.patterson@example.com
50,Gabriel,Turner,gabriel.turner@example.com
51,Rylee,Stewart,rylee.stewart@example.com
52,Henry,Hall,henry.hall@example.com
53,Layla,Hernandez,layla.hernandez@example.com
54,Levi,James,levi.james@example.com
55,Anthony,Scott,anthony.scott@example.com
56,Josiah,Green,josiah.green@example.com
57,Noah,Flores,noah.flores@example.com
58,Bob,Clark,bob.clark@example.com
59,Chase,Perry,chase.perry@example.com
60,Levi,Martinez,levi.martinez@example.com
61,Mia,Long,mia.long@example.com
62,Autumn,Nguyen,autumn.nguyen@example.com
63,Johnathan,Moore,johnathan.moore@example.com
64,Chase,Cook,chase.cook@example.com
65,Mia,Butler,mia.butler@example.com
66,Wyatt,Walker,wyatt.walker@example.com
67,Isabella,Lewis,isabella.lewis@example.com
68,Oliver,Peterson,oliver.peterson@example.com
69,Charles,Miller,charles.miller@example.com
70,Johnathan,Simmons,johnathan.simmons@example.com
71,Autumn,Davis,autumn.davis@example.com
72,Hannah,Watson,hannah.watson@example.com
73,Wyatt,Sanchez,wyatt.sanchez@example.com
74,Serenity,Perry,serenity.perry@example.com
75,Eli,Hernandez,eli.hernandez@example.com
76,Elijah,Ramirez,elijah.ramirez@example.com
77,Adam,Ward,adam.ward@example.com
78,Gavin,Bennett,gavin.bennett@example.com
79,Anthony,Lopez,anthony.lopez@example.com
80,Andrew,Cox,andrew.cox@example.com
81,Scarlett,Moore,scarlett.moore@example.com
82,Asher,James,asher.james@example.com
83,Sophie,Cooper,sophie.cooper@example.com
84,Allison,Simmons,allison.simmons@example.com
85,Charlie,Clark,charlie.clark@example.com
86,Evelyn,Cox,evelyn.cox@example.com
87,Aubree,Campbell,aubree.campbell@example.com
88,Maya,Kim,maya.kim@example.com
89,Natalie,Patterson,natalie.patterson@example.com
90,Joseph,Reed,joseph.reed@example.com
91,Allison,Price,allison.price@example.com
92,Skylar,Gonzalez,skylar.gonzalez@example.com
93,Layla,King,layla.king@example.com
94,Kinsley,Wright,kinsley.wright@example.com
95,Bob,Henderson,bob.henderson@example.com
96,Harper,Johnson,harper.johnson@example.com
97,Lily,Taylor,lily.taylor@example.com
98,Daniel,Griffin,daniel.griffin@example.com
99,Logan,Washington,logan.washington@example.com
100,Sadie,Howard,sadie.howard@example.com
101,Claire,Morris,claire.morris@example.com
102,Maya,Wilson,maya.wilson@example.com
103,Alexander,Scott,alexander.scott@example.com
104,Oliver,Johnson,oliver.johnson@example.com
105,Aubrey,King,aubrey.king@example.com
106,Maya,Davis,maya.davis@example.com
107,Jaxon,Cooper,jaxon.cooper@example.com
108,Evelyn,Patel,evelyn.patel@example.com
109,Grace,Ward,grace.ward@example.com
110,Liam,Edwards,liam.edwards@example.com
111,Isabella,Rivera,isabella.rivera@example.com
112,Mia,Cooper,mia.cooper@example.com
113,Rylee,Johnson,rylee.johnson@example.com
114,Brooklyn,Ross,brooklyn.ross@example.com
115,Brooklyn,Adams,brooklyn.adams@example.com
116,Noah,Wright,noah.wright@example.com
117,Gabriel,Wilson,gabriel.wilson@example.com
118,Kylie,Garcia,kylie.garcia@example.com
119,William,Watson,william.watson@example.com
120,Colton,Smith,colton.smith@example.com
121,Sofia,Powell,sofia.powell@example.com
122,Jackson,Russell,jackson.russell@example.com
123,Johnathan,Davis,johnathan.davis@example.com
124,Jackson,Scott,jackson.scott@example.com
125,Savannah,Bryant,savannah.bryant@example.com
126,Benjamin,Reed,benjamin.reed@example.com
127,Riley,Alexander,riley.alexander@example.com
128,Lily,Peterson,lily.peterson@example.com
129,Ethan,Coleman,ethan.coleman@example.com
130,Christopher,Flores,christopher.flores@example.com
131,Allison,Gonzalez,allison.gonzalez@example.com
132,Serenity,Ward,serenity.ward@example.com
133,Eli,Evans,eli.evans@example.com
134,Mackenzie,Hughes,mackenzie.hughes@example.com
135,Aaliyah,Hall,aaliyah.hall@example.com
136,Kylie,Ramirez,kylie.ramirez@example.com
137,Caleb,Cook,caleb.cook@example.com
138,Evelyn,Campbell,evelyn.campbell@example.com
139,Sebastian,Collins,sebastian.collins@example.com
140,Mason,Griffin,mason.griffin@example.com
141,Henry,Powell,henry.powell@example.com
142,Caleb,Roberts,caleb.roberts@example.com
143,Asher,Henderson,asher.henderson@example.com
144,Dylan,Moore,dylan.moore@example.com
145,Jackson,Alexander,jackson.alexander@example.com
146,Ryan,Perry,ryan.perry@example.com
147,Scarlett,Scott,scarlett.scott@example.com
148,Rylee,Lewis,rylee.lewis@example.com
149,Luna,Miller,luna.miller@example.com
150,Arianna,Hughes,arianna.hughes@example.com
151,David,Flores,david.flores@example.com
152,Jackson,Peterson,jackson.peterson@example.com
153,Autumn,Bryant,autumn.bryant@example.com
154,John,Roberts,john.roberts@example.com
155,Savannah,King,savannah.king@example.com
156,Sadie,Sanders,sadie.sanders@example.com
157,Victoria,Young,victoria.young@example.com
158,Jonathan,Rivera,jonathan.rivera@example.com
159,Jaxon,James,jaxon.james@example.com
160,David,Perry,david.perry@example.com
161,Christopher,Ward,christopher.ward@example.com
162,Zoe,Kim,zoe.kim@example.com
163,Logan,Hernandez,logan.hernandez@example.com
164,Lydia,Lopez,lydia.lopez@example.com
165,Alyssa,Johnson,alyssa.johnson@example.com
166,Skylar,Coleman,skylar.coleman@example.com
167,Noah,Kelly,noah.kelly@example.com
168,Isaiah,Bell,isaiah.bell@example.com
169,David,Price,david.price@example.com
170,Rylee,Collins,rylee.collins@example.com
171,Aria,Powell,aria.powell@example.com
172,Aubree,Washington,aubree.washington@example.com
173,Madelyn,Scott,madelyn.scott@example.com
174,Harper,Gray,harper.gray@example.com
175,Joshua,Patel,joshua.patel@example.com
176,Maya,Bennett,maya.bennett@example.com
177,Mila,Rogers,mila.rogers@example.com
178,Eli,King,eli.king@example.com
179,Savannah,Foster,savannah.foster@example.com
180,Adam,Griffin,adam.griffin@example.com
181,Josiah,Murphy,josiah.murphy@example.com
182,Leah,Evans,leah.evans@example.com
183,Noah,Bell,noah.bell@example.com
184,Sebastian,Rogers,sebastian.rogers@example.com
185,Samantha,Garcia,samantha.garcia@example.com
186,Madelyn,Russell,madelyn.russell@example.com
187,Ryan,Allen,ryan.allen@example.com
188,Oliver,Nguyen,oliver.nguyen@example.com
189,Nora,Ross,nora.ross@example.com
190,Hannah,Russell,hannah.russell@example.com
191,Savannah,Murphy,savannah.murphy@example.com
192,Christian,Evans,christian.evans@example.com
193,Caleb,Griffin,caleb.griffin@example.com
194,Eli,Edwards,eli.edwards@example.com
195,Aria,Jenkins,aria.jenkins@example.com
196,Sadie,Wilson,sadie.wilson@example.com
197,Victoria,Bell,victoria.bell@example.com
198,Jane,Jenkins,jane.jenkins@example.com
199,Isaac,Brown,isaac.brown@example.com
200,David,Rivera,david.rivera@example.com
201,Zoe,Rivera,zoe.rivera@example.com
202,Alice,Ross,alice.ross@example.com
203,Grace,Davis,grace.davis@example.com
204,Chloe,Diaz,chloe.diaz@example.com
205,Allison,Baker,allison.baker@example.com
206,Mia,Lee,mia.lee@example.com
207,Leah,Barnes,leah.barnes@example.com
208,Evelyn,Washington,evelyn.washington@example.com
209,Eli,Cox,eli.cox@example.com
210,Ava,Torres,ava.torres@example.com
211,Logan,Flores,logan.flores@example.com
212,Lydia,Brown,lydia.brown@example.com
213,Christian,Hernandez,christian.hernandez@example.com
214,Gavin,Taylor,gavin.taylor@example.com
215,Claire,Ward,claire.ward@example.com
216,Aaron,Bell,aaron.bell@example.com
217,Sofia,Doe,sofia.doe@example.com
218,Benjamin,Murphy,benjamin.murphy@example.com
219,Stella,Simmons,stella.simmons@example.com
220,Caleb,Long,caleb.long@example.com
221,Caleb,Lewis,caleb.lewis@example.com
222,Harper,Carter,harper.carter@example.com
223,Lucas,Torres,lucas.torres@example.com
224,Isaac,Hernandez,isaac.hernandez@example.com
225,Levi,Long,levi.long@example.com
226,John,Garcia,john.garcia@example.com
227,Piper,Brooks,piper.brooks@example.com
228,David,King,david.king@example.com
229,Joseph,Scott,joseph.scott@example.com
230,Charles,Lewis,charles.lewis@example.com
231,David,Simmons,david.simmons@example.com
232,Thomas,Gray,thomas.gray@example.com
233,Zoe,Hernandez,zoe.hernandez@example.com
234,Emma,Patterson,emma.patterson@example.com
235,Samuel,Washington,samuel.washington@example.com
236,Anthony,Torres,anthony.torres@example.com
237,Ariana,Long,ariana.long@example.com
238,David,Griffin,david.griffin@example.com
239,Christian,Flores,christian.flores@example.com
240,Chase,Rivera,chase.rivera@example.com
241,Joshua,Reed,joshua.reed@example.com
242,Addison,James,addison.james@example.com
243,Arianna,Miller,arianna.miller@example.com
244,Maya,Butler,maya.butler@example.com
245,Aiden,Torres,aiden.torres@example.com
246,Mia,Bryant,mia.bryant@example.com
247,Riley,Scott,riley.scott@example.com
248,Sophie,Reed,sophie.reed@example.com
249,Johnathan,Reed,johnathan.reed@example.com
250,Michael,Henderson,michael.henderson@example.com
251,Aubrey,Washington,aubrey.washington@example.com
252,Evelyn,Mitchell,evelyn.mitchell@example.com
253,Bella,Henderson,bella.henderson@example.com
254,Isabella,Miller,isabella.miller@example.com
255,Josiah,Ross,josiah.ross@example.com
256,Aiden,Coleman,aiden.coleman@example.com
257,Oliver,Baker,oliver.baker@example.com
258,Joshua,Washington,joshua.washington@example.com
259,Samuel,Mitchell,samuel.mitchell@example.com
260,Grace,Price,grace.price@example.com
261,Autumn,Henderson,autumn.henderson@example.com
262,Allison,Green,allison.green@example.com
263,Samuel,Reed,samuel.reed@example.com
264,Ethan,Perry,ethan.perry@example.com
265,Evelyn,Wood,evelyn.wood@example.com
266,Aria,Walker,aria.walker@example.com
267,Christian,Perry,christian.perry@example.com
268,Harper,Perry,harper.perry@example.com
269,James,Sanders,james.sanders@example.com
270,Zoe,Hall,zoe.hall@example.com
271,Layla,Coleman,layla.coleman@example.com
272,Samuel,Davis,samuel.davis@example.com
273,Skylar,Barnes,skylar.barnes@example.com
274,Johnathan,Cooper,johnathan.cooper@example.com
275,Scarlett,Reed,scarlett.reed@example.com
276,Chase,Henderson,chase.henderson@example.com
277,Lily,Alexander,lily.alexander@example.com
278,Hunter,Wright,hunter.wright@example.com
279,William,Brown,william.brown@example.com
280,Benjamin,Perez,benjamin.perez@example.com
281,Joshua,Barnes,joshua.barnes@example.com
282,Aaron,Alexander,aaron.alexander@example.com
283,Isabella,Coleman,isabella.coleman@example.com
284,Alyssa,Cook,alyssa.cook@example.com
285,Nathan,Brown,nathan.brown@example.com
286,Riley,Hughes,riley.hughes@example.com
287,Isabella,Williams,isabella.williams@example.com
288,Adam,Brown,adam.brown@example.com
289,Hunter,Walker,hunter.walker@example.com
290,Aaron,Nguyen,aaron.nguyen@example.com
291,Riley,Powell,riley.powell@example.com
292,Wyatt,Russell,wyatt.russell@example.com
293,Isaiah,Johnson,isaiah.johnson@example.com
294,Michael,Lee,michael.lee@example.com
295,Rylee,Walker,rylee.walker@example.com
296,Ella,Stewart,ella.stewart@example.com
297,Jackson,Roberts,jackson.roberts@example.com
298,Mackenzie,Flores,mackenzie.flores@example.com
299,Caleb,Henderson,caleb.henderson@example.com
300,Anthony,Green,anthony.green@example.com
301,Nathan,Morgan,nathan.morgan@example.com
302,Joshua,Sanders,joshua.sanders@example.com
303,Riley,Baker,riley.baker@example.com
304,Autumn,Butler,autumn.butler@example.com
305,Serenity,Morris,serenity.morris@example.com
306,Claire,Butler,claire.butler@example.com
307,Nora,Gray,nora.gray@example.com
308,Charles,Coleman,charles.coleman@example.com
309,Aaliyah,Clark,aaliyah.clark@example.com
310,Kinsley,Lewis,kinsley.lewis@example.com
311,Christopher,Hernandez,christopher.hernandez@example.com
312,Nora,Doe,nora.doe@example.com
313,Alice,Cook,alice.cook@example.com
314,David,Evans,david.evans@example.com
315,David,Wright,david.wright@example.com
316,Asher,Butler,asher.butler@example.com
317,Michael,Perry,michael.perry@example.com
318,Amelia,Bennett,amelia.bennett@example.com
319,Gabriel,Doe,gabriel.doe@example.com
320,Thomas,Davis,thomas.davis@example.com
321,Johnathan,Green,johnathan.green@example.com
322,Lydia,Barnes,lydia.barnes@example.com
323,Lily,Diaz,lily.diaz@example.com
324,Dylan,Foster,dylan.foster@example.com
325,Isaiah,Powell,isaiah.powell@example.com
326,Liam,Cox,liam.cox@example.com
327,Claire,Brooks,claire.brooks@example.com
328,David,Jenkins,david.jenkins@example.com
329,Asher,Turner,asher.turner@example.com
330,Riley,Washington,riley.washington@example.com
331,Aaliyah,Turner,aaliyah.turner@example.com
332,Kylie,Ross,kylie.ross@example.com
333,Eli,Ward,eli.ward@example.com
334,Asher,Phillips,asher.phillips@example.com
335,Emma,Reed,emma.reed@example.com
336,David,Scott,david.scott@example.com
337,Wyatt,Powell,wyatt.powell@example.com
338,Brooklyn,Evans,brooklyn.evans@example.com
339,Peyton,Ramirez,peyton.ramirez@example.com
340,Benjamin,Johnson,benjamin.johnson@example.com
341,Maya,Edwards,maya.edwards@example.com
342,Scarlett,Alexander,scarlett.alexander@example.com
343,David,Gray,david.gray@example.com
344,Nora,Allen,nora.allen@example.com
345,Thomas,Perry,thomas.perry@example.com
346,Elijah,Simmons,elijah.simmons@example.com
347,Aaron,Barnes,aaron.barnes@example.com
348,Aiden,Ramirez,aiden.ramirez@example.com
349,Savannah,Howard,savannah.howard@example.com
350,Ryan,Brooks,ryan.brooks@example.com
351,Christian,Diaz,christian.diaz@example.com
352,Alyssa,Sanchez,alyssa.sanchez@example.com
353,Dylan,Nguyen,dylan.nguyen@example.com
354,Alyssa,James,alyssa.james@example.com
355,Aaron,Diaz,aaron.diaz@example.com
356,Asher,Green,asher.green@example.com
357,Thomas,Rogers,thomas.rogers@example.com
358,Mason,Patterson,mason.patterson@example.com
359,Aaron,Hall,aaron.hall@example.com
360,Mackenzie,Lee,mackenzie.lee@example.com
361,Grace,Henderson,grace.henderson@example.com
362,Christopher,Rogers,christopher.rogers@example.com
363,Rylee,Foster,rylee.foster@example.com
364,Noah,Patel,noah.patel@example.com
365,Allison,Howard,allison.howard@example.com
366,Natalie,Carter,natalie.carter@example.com
367,Arianna,Gonzalez,arianna.gonzalez@example.com
368,Lily,Perez,lily.perez@example.com
369,Ryan,Garcia,ryan.garcia@example.com
370,Sebastian,Bennett,sebastian.bennett@example.com
371,Ava,Price,ava.price@example.com
372,Nolan,Bell,nolan.bell@example.com
373,Lucas,Ward,lucas.ward@example.com
374,Aaliyah,Walker,aaliyah.walker@example.com
375,Landon,Ross,landon.ross@example.com
376,Chase,Cox,chase.cox@example.com
377,Arianna,Carter,arianna.carter@example.com
378,Autumn,Cox,autumn.cox@example.com
379,Alice,Young,alice.young@example.com
380,Lily,Powell,lily.powell@example.com
381,Christian,Lee,christian.lee@example.com
382,Harper,Coleman,harper.coleman@example.com
383,Maya,Reed,maya.reed@example.com
384,Mackenzie,Williams,mackenzie.williams@example.com
385,Ariana,Miller,ariana.miller@example.com
386,Arianna,Powell,arianna.powell@example.com
387,Grace,Patel,grace.patel@example.com
388,David,James,david.james@example.com
389,Frank,Flores,frank.flores@example.com
390,Lucas,Allen,lucas.allen@example.com
391,Mila,Davis,mila.davis@example.com
392,Caleb,Ross,caleb.ross@example.com
393,Natalie,Powell,natalie.powell@example.com
394,Frank,Adams,frank.adams@example.com
395,David,Washington,david.washington@example.com
396,John,Richardson,john.richardson@example.com
397,Sophia,Gonzalez,sophia.gonzalez@example.com
398,Madelyn,Hughes,madelyn.hughes@example.com
399,Aubrey,Patel,aubrey.patel@example.com
400,Benjamin,Bell,benjamin.bell@example.com
401,Hannah,Green,hannah.green@example.com
402,Andrew,Kelly,andrew.kelly@example.com
403,Bob,Garcia,bob.garcia@example.com
404,Gavin,Gonzalez,gavin.gonzalez@example.com
405,Victoria,Garcia,victoria.garcia@example.com
406,Sophie,Miller,sophie.miller@example.com
407,Charles,Johnson,charles.johnson@example.com
408,Arianna,Foster,arianna.foster@example.com
409,Lucas,Nguyen,lucas.nguyen@example.com
410,Matthew,Patterson,matthew.patterson@example.com
411,Nora,Green,nora.green@example.com
412,Amelia,Evans,amelia.evans@example.com
413,Madelyn,Washington,madelyn.washington@example.com
414,Arianna,Rivera,arianna.rivera@example.com
415,Ariana,Allen,ariana.allen@example.com
416,Rylee,Morris,rylee.morris@example.com
417,Nora,Washington,nora.washington@example.com
418,Ariana,Sanders,ariana.sanders@example.com
419,Mia,King,mia.king@example.com
420,Harper,Flores,harper.flores@example.com
421,Alice,Smith,alice.smith@example.com
422,Zoe,Patel,zoe.patel@example.com
423,Brooklyn,Mitchell,brooklyn.mitchell@example.com
424,Samuel,Campbell,samuel.campbell@example.com
425,Autumn,Turner,autumn.turner@example.com
426,James,Kim,james.kim@example.com
427,Natalie,Patel,natalie.patel@example.com
428,Daniel,Coleman,daniel.coleman@example.com
429,Mila,Patel,mila.patel@example.com
430,Daniel,Kim,daniel.kim@example.com
431,Zoe,Bailey,zoe.bailey@example.com
432,Peyton,Simmons,peyton.simmons@example.com
433,Addison,Barnes,addison.barnes@example.com
434,Johnathan,Perry,johnathan.perry@example.com
435,Evelyn,Russell,evelyn.russell@example.com
436,Mia,Evans,mia.evans@example.com
437,Sophie,Butler,sophie.butler@example.com
438,Jaxon,Young,jaxon.young@example.com
439,Eva,Lopez,eva.lopez@example.com
440,Dylan,Scott,dylan.scott@example.com
441,Lucas,Hughes,lucas.hughes@example.com
442,Ryan,Ross,ryan.ross@example.com
443,Aria,Griffin,aria.griffin@example.com
444,Brooklyn,Watson,brooklyn.watson@example.com
445,Daniel,Henderson,daniel.henderson@example.com
446,Isaiah,Roberts,isaiah.roberts@example.com
447,Sadie,Johnson,sadie.johnson@example.com
448,Jaxon,Watson,jaxon.watson@example.com
449,Henry,Kelly,henry.kelly@example.com
450,Claire,Moore,claire.moore@example.com
451,Colton,Long,colton.long@example.com
452,Caleb,Rogers,caleb.rogers@example.com
453,Nathan,Rivera,nathan.rivera@example.com
454,Frank,Lopez,frank.lopez@example.com
455,Alice,Sanders,alice.sanders@example.com
456,John,Perez,john.perez@example.com
457,Riley,Torres,riley.torres@example.com
458,Aaliyah,Bell,aaliyah.bell@example.com
459,Ava,Diaz,ava.diaz@example.com
460,Mila,Cox,mila.cox@example.com
461,Mila,Torres,mila.torres@example.com
462,Nora,Alexander,nora.alexander@example.com
463,Riley,Murphy,riley.murphy@example.com
464,Colton,Patel,colton.patel@example.com
465,Matthew,Washington,matthew.washington@example.com
466,Jonathan,Perez,jonathan.perez@example.com
467,Carter,Alexander,carter.alexander@example.com
468,Emma,Peterson,emma.peterson@example.com
469,Lydia,Lewis,lydia.lewis@example.com
470,David,Adams,david.adams@example.com
471,Alice,Richardson,alice.richardson@example.com
472,David,Carter,david.carter@example.com
473,Daniel,Williams,daniel.williams@example.com
474,Charlie,King,charlie.king@example.com
475,Amelia,Kim,amelia.kim@example.com
476,Zoe,Carter,zoe.carter@example.com
477,Jonathan,Cooper,jonathan.cooper@example.com
478,Aaron,Johnson,aaron.johnson@example.com
479,Kylie,Reed,kylie.reed@example.com
480,Jane,Ward,jane.ward@example.com
481,Ethan,Hughes,ethan.hughes@example.com
482,Anthony,Cooper,anthony.cooper@example.com
483,Mila,Clark,mila.clark@example.com
484,Aaron,Patterson,aaron.patterson@example.com
485,Ryan,Miller,ryan.miller@example.com
486,Riley,Diaz,riley.diaz@example.com
487,Stella,Kelly,stella.kelly@example.com
488,Luke,Roberts,luke.roberts@example.com
489,John,James,john.james@example.com
490,Elijah,Wood,elijah.wood@example.com
491,Madelyn,Davis,madelyn.davis@example.com
492,Kylie,Murphy,kylie.murphy@example.com
493,Frank,Griffin,frank.griffin@example.com
494,Lily,Gray,lily.gray@example.com
495,Isaiah,Wood,isaiah.wood@example.com
496,Arianna,Simmons,arianna.simmons@example.com
497,Charlie,Washington,charlie.washington@example.com
498,Daniel,Hughes,daniel.hughes@example.com
499,Kinsley,Nguyen,kinsley.nguyen@example.com
500,Kaylee,Brown,kaylee.brown@example.com
501,Caleb,Gray,caleb.gray@example.com
502,Lucas,Hall,lucas.hall@example.com
503,David,Barnes,david.barnes@example.com
504,Kinsley,Morgan,kinsley.morgan@example.com
505,Leah,Carter,leah.carter@example.com
506,Zoe,Taylor,zoe.taylor@example.com
507,Gabriel,Rogers,gabriel.rogers@example.com
508,Johnathan,Patterson,johnathan.patterson@example.com
509,Sophie,Torres,sophie.torres@example.com
510,Caleb,Reed,caleb.reed@example.com
511,Oliver,Lewis,oliver.lewis@example.com
512,Jane,Gonzalez,jane.gonzalez@example.com
513,Stella,Allen,stella.allen@example.com
514,Aria,Miller,aria.miller@example.com
515,Frank,Watson,frank.watson@example.com
516,Samantha,Turner,samantha.turner@example.com
517,Christopher,Scott,christopher.scott@example.com
518,Josiah,Foster,josiah.foster@example.com
519,Sadie,Clark,sadie.clark@example.com
520,Piper,Doe,piper.doe@example.com
521,Nora,Coleman,nora.coleman@example.com
522,Mason,Hernandez,mason.hernandez@example.com
523,Zoe,Powell,zoe.powell@example.com
524,Rylee,Sanchez,rylee.sanchez@example.com
525,Christian,Johnson,christian.johnson@example.com
526,Mackenzie,Wright,mackenzie.wright@example.com
527,Aubree,Collins,aubree.collins@example.com
528,Serenity,Hughes,serenity.hughes@example.com
529,Chase,Reed,chase.reed@example.com
530,William,Sanchez,william.sanchez@example.com
531,Amelia,Johnson,amelia.johnson@example.com
532,Emma,King,emma.king@example.com
533,Grace,Cook,grace.cook@example.com
534,John,Patel,john.patel@example.com
535,Grace,Griffin,grace.griffin@example.com
536,Skylar,Torres,skylar.torres@example.com
537,Aubree,Kim,aubree.kim@example.com
538,Jaxon,Hall,jaxon.hall@example.com
539,Ethan,Morris,ethan.morris@example.com
540,Chase,Collins,chase.collins@example.com
541,Skylar,Collins,skylar.collins@example.com
542,David,Cox,david.cox@example.com
543,Grace,Barnes,grace.barnes@example.com
544,Wyatt,Taylor,wyatt.taylor@example.com
545,Caleb,Walker,caleb.walker@example.com
546,Maya,Mitchell,maya.mitchell@example.com
547,Bella,Bryant,bella.bryant@example.com
548,Grace,Bailey,grace.bailey@example.com
549,Isabella,Ross,isabella.ross@example.com
550,Lucas,Green,lucas.green@example.com
551,Ethan,Rogers,ethan.rogers@example.com
552,Eva,Kim,eva.kim@example.com
553,Joseph,Green,joseph.green@example.com
554,Elijah,Butler,elijah.butler@example.com
555,William,Taylor,william.taylor@example.com
556,Aria,Howard,aria.howard@example.com
557,Matthew,Foster,matthew.foster@example.com
558,William,James,william.james@example.com
559,Hunter,Jenkins,hunter.jenkins@example.com
560,Aubrey,Torres,aubrey.torres@example.com
561,Jackson,Edwards,jackson.edwards@example.com
562,Mackenzie,Phillips,mackenzie.phillips@example.com
563,Christopher,Edwards,christopher.edwards@example.com
564,Eva,Long,eva.long@example.com
565,Addison,Perry,addison.perry@example.com
566,Aria,Henderson,aria.henderson@example.com
567,James,Perry,james.perry@example.com
568,Ella,Brooks,ella.brooks@example.com
569,Zoe,Murphy,zoe.murphy@example.com
570,Ryan,Kim,ryan.kim@example.com
571,Grace,Stewart,grace.stewart@example.com
572,Andrew,Phillips,andrew.phillips@example.com
573,Jonathan,Alexander,jonathan.alexander@example.com
574,Dylan,Hughes,dylan.hughes@example.com
575,Skylar,Ramirez,skylar.ramirez@example.com
576,Nolan,Barnes,nolan.barnes@example.com
577,Isabella,Nguyen,isabella.nguyen@example.com
578,Hunter,Russell,hunter.russell@example.com
579,Gavin,Phillips,gavin.phillips@example.com
580,Layla,Bailey,layla.bailey@example.com
581,Charlie,Hughes,charlie.hughes@example.com
582,Ethan,Powell,ethan.powell@example.com
583,Zoe,Lee,zoe.lee@example.com
584,Kaylee,Mitchell,kaylee.mitchell@example.com
585,Isaac,Wright,isaac.wright@example.com
586,Mason,Kim,mason.kim@example.com
587,Brooklyn,Johnson,brooklyn.johnson@example.com
588,Allison,Murphy,allison.murphy@example.com
589,Eli,Sanchez,eli.sanchez@example.com
590,Landon,Patel,landon.patel@example.com
591,Daniel,Clark,daniel.clark@example.com
592,Ava,Adams,ava.adams@example.com
593,Stella,Taylor,stella.taylor@example.com
594,Aubree,Jenkins,aubree.jenkins@example.com
595,Alice,Wilson,alice.wilson@example.com
596,Daniel,Edwards,daniel.edwards@example.com
597,Amelia,Richardson,amelia.richardson@example.com
598,Riley,Coleman,riley.coleman@example.com
599,Kinsley,Wilson,kinsley.wilson@example.com
600,Henry,Scott,henry.scott@example.com
601,Lucas,Hernandez,lucas.hernandez@example.com
602,Grace,Lee,grace.lee@example.com
603,Leah,Lee,leah.lee@example.com
604,Zoe,Moore,zoe.moore@example.com
605,Aiden,Williams,aiden.williams@example.com
606,Joseph,Johnson,joseph.johnson@example.com
607,Bella,Roberts,bella.roberts@example.com
608,Ella,Hall,ella.hall@example.com
609,Natalie,Lee,natalie.lee@example.com
610,Adam,Howard,adam.howard@example.com
611,Nathan,Patterson,nathan.patterson@example.com
612,Scarlett,King,scarlett.king@example.com
613,Kylie,Coleman,kylie.coleman@example.com
614,Wyatt,Perez,wyatt.perez@example.com
615,David,Bell,david.bell@example.com
616,Nathan,Smith,nathan.smith@example.com
617,Grace,Diaz,grace.diaz@example.com
618,Ella,Ross,ella.ross@example.com
619,Jaxon,Henderson,jaxon.henderson@example.com
620,Mila,Garcia,mila.garcia@example.com
621,Samuel,Diaz,samuel.diaz@example.com
622,Jackson,Smith,jackson.smith@example.com
623,Nolan,Perez,nolan.perez@example.com
624,James,Bryant,james.bryant@example.com
625,Sebastian,Henderson,sebastian.henderson@example.com
626,Chloe,Sanchez,chloe.sanchez@example.com
627,Scarlett,Mitchell,scarlett.mitchell@example.com
628,Luke,Morgan,luke.morgan@example.com
629,Mackenzie,Stewart,mackenzie.stewart@example.com
630,Johnathan,Edwards,johnathan.edwards@example.com
631,Charles,Lopez,charles.lopez@example.com
632,Skylar,Adams,skylar.adams@example.com
633,Lucas,Wood,lucas.wood@example.com
634,Alexander,Butler,alexander.butler@example.com
635,Elijah,Flores,elijah.flores@example.com
636,Ryan,Wilson,ryan.wilson@example.com
637,Mackenzie,Ward,mackenzie.ward@example.com
638,Colton,Russell,colton.russell@example.com
639,Chloe,Morgan,chloe.morgan@example.com
640,Christian,King,christian.king@example.com
641,John,Watson,john.watson@example.com
642,David,Howard,david.howard@example.com
643,Levi,Hernandez,levi.hernandez@example.com
644,Lydia,Kelly,lydia.kelly@example.com
645,Alexander,James,alexander.james@example.com
646,Mila,Walker,mila.walker@example.com
647,Skylar,Doe,skylar.doe@example.com
648,Aubrey,Howard,aubrey.howard@example.com
649,Charles,Griffin,charles.griffin@example.com
650,Ariana,Young,ariana.young@example.com
651,Levi,Flores,levi.flores@example.com
652,Sofia,Alexander,sofia.alexander@example.com
653,Logan,Bailey,logan.bailey@example.com
654,Oliver,Green,oliver.green@example.com
655,Colton,Watson,colton.watson@example.com
656,Isabella,Barnes,isabella.barnes@example.com
657,Sophia,Hall,sophia.hall@example.com
658,Nathan,Cox,nathan.cox@example.com
659,Henry,Edwards,henry.edwards@example.com
660,Colton,Miller,colton.miller@example.com
661,Luna,Smith,luna.smith@example.com
662,Victoria,Murphy,victoria.murphy@example.com
663,Jane,Bryant,jane.bryant@example.com
664,Mackenzie,Rogers,mackenzie.rogers@example.com
665,Anthony,Mitchell,anthony.mitchell@example.com
666,Chloe,Richardson,chloe.richardson@example.com
667,Jackson,Reed,jackson.reed@example.com
668,Bella,Kelly,bella.kelly@example.com
669,Samuel,Sanchez,samuel.sanchez@example.com
670,Aubrey,Hall,aubrey.hall@example.com
671,Isaac,Simmons,isaac.simmons@example.com
672,Skylar,Alexander,skylar.alexander@example.com
673,Wyatt,Flores,wyatt.flores@example.com
674,Alice,Torres,alice.torres@example.com
675,Elijah,Ward,elijah.ward@example.com
676,Savannah,Wood,savannah.wood@example.com
677,Jonathan,Russell,jonathan.russell@example.com
678,Nathan,Nguyen,nathan.nguyen@example.com
679,Arianna,Taylor,arianna.taylor@example.com
680,Hannah,Lopez,hannah.lopez@example.com
681,David,Cook,david.cook@example.com
682,Kylie,Hall,kylie.hall@example.com
683,Logan,Garcia,logan.garcia@example.com
684,Mila,Williams,mila.williams@example.com
685,Nora,Evans,nora.evans@example.com
686,Ryan,Phillips,ryan.phillips@example.com
687,Evelyn,Coleman,evelyn.coleman@example.com
688,Aubree,Turner,aubree.turner@example.com
689,Aiden,Bailey,aiden.bailey@example.com
690,Colton,Turner,colton.turner@example.com
691,Harper,Wright,harper.wright@example.com
692,Mackenzie,Gonzalez,mackenzie.gonzalez@example.com
693,Samantha,Stewart,samantha.stewart@example.com
694,Thomas,Washington,thomas.washington@example.com
695,Scarlett,Hughes,scarlett.hughes@example.com
696,Victoria,Alexander,victoria.alexander@example.com
697,Kinsley,Torres,kinsley.torres@example.com
698,Noah,Davis,noah.davis@example.com
699,Zoe,Cox,zoe.cox@example.com
700,Christian,Young,christian.young@example.com
701,Benjamin,Cox,benjamin.cox@example.com
702,Christopher,Simmons,christopher.simmons@example.com
703,Maya,Sanders,maya.sanders@example.com
704,Aubree,Coleman,aubree.coleman@example.com
705,Jonathan,Phillips,jonathan.phillips@example.com
706,Liam,Sanchez,liam.sanchez@example.com
707,Christopher,Bennett,christopher.bennett@example.com
708,Sofia,Moore,sofia.moore@example.com
709,Hunter,Bell,hunter.bell@example.com
710,Layla,Watson,layla.watson@example.com
711,Maya,Smith,maya.smith@example.com
712,Leah,Campbell,leah.campbell@example.com
713,Adam,Powell,adam.powell@example.com
714,Samantha,Wilson,samantha.wilson@example.com
715,Bella,Brown,bella.brown@example.com
716,Landon,Morris,landon.morris@example.com
717,Johnathan,Rivera,johnathan.rivera@example.com
718,Claire,Wright,claire.wright@example.com
719,Mason,Bennett,mason.bennett@example.com
720,Sebastian,Patel,sebastian.patel@example.com
721,Aiden,Clark,aiden.clark@example.com
722,Lydia,Morris,lydia.morris@example.com
723,Charlie,Morgan,charlie.morgan@example.com
724,Bob,Walker,bob.walker@example.com
725,Ethan,Foster,ethan.foster@example.com
726,Sebastian,Ward,sebastian.ward@example.com
727,Charles,Wright,charles.wright@example.com
728,Daniel,Allen,daniel.allen@example.com
729,Noah,Jenkins,noah.jenkins@example.com
730,Wyatt,Simmons,wyatt.simmons@example.com
731,Mason,Murphy,mason.murphy@example.com
732,Natalie,Allen,natalie.allen@example.com
733,Peyton,Russell,peyton.russell@example.com
734,Harper,Peterson,harper.peterson@example.com
735,Luna,Ross,luna.ross@example.com
736,Aubree,Wilson,aubree.wilson@example.com
737,Hunter,Collins,hunter.collins@example.com
738,Johnathan,Hernandez,johnathan.hernandez@example.com
739,Jackson,Sanchez,jackson.sanchez@example.com
740,William,Barnes,william.barnes@example.com
741,Grace,Watson,grace.watson@example.com
742,Oliver,Davis,oliver.davis@example.com
743,Scarlett,Stewart,scarlett.stewart@example.com
744,Isaiah,Williams,isaiah.williams@example.com
745,Oliver,Jenkins,oliver.jenkins@example.com
746,Layla,Griffin,layla.griffin@example.com
747,Charlie,Flores,charlie.flores@example.com
748,Jonathan,Coleman,jonathan.coleman@example.com
749,Carter,Perez,carter.perez@example.com
750,Sophie,Peterson,sophie.peterson@example.com
751,Grace,Lopez,grace.lopez@example.com
752,Sebastian,Patterson,sebastian.patterson@example.com
753,Charles,Stewart,charles.stewart@example.com
754,Oliver,Gray,oliver.gray@example.com
755,Dylan,Perry,dylan.perry@example.com
756,Levi,Henderson,levi.henderson@example.com
757,Jane,Miller,jane.miller@example.com
758,Natalie,Wright,natalie.wright@example.com
759,Noah,Smith,noah.smith@example.com
760,Gabriel,Murphy,gabriel.murphy@example.com
761,Daniel,Torres,daniel.torres@example.com
762,David,Gonzalez,david.gonzalez@example.com
763,Harper,Phillips,harper.phillips@example.com
764,Liam,Mitchell,liam.mitchell@example.com
765,Joseph,Price,joseph.price@example.com
766,Scarlett,Taylor,scarlett.taylor@example.com
767,Alice,Price,alice.price@example.com
768,Ethan,Murphy,ethan.murphy@example.com
769,Grace,Moore,grace.moore@example.com
770,Matthew,Powell,matthew.powell@example.com
771,Noah,King,noah.king@example.com
772,Piper,Flores,piper.flores@example.com
773,Savannah,Martinez,savannah.martinez@example.com
774,Skylar,Russell,skylar.russell@example.com
775,Maya,Walker,maya.walker@example.com
776,Lydia,Sanchez,lydia.sanchez@example.com
777,Savannah,Simmons,savannah.simmons@example.com
778,Levi,Ross,levi.ross@example.com
779,Aubree,Foster,aubree.foster@example.com
780,Ariana,Simmons,ariana.simmons@example.com
781,Aubree,Richardson,aubree.richardson@example.com
782,Logan,Simmons,logan.simmons@example.com
783,Kylie,Morris,kylie.morris@example.com
784,Mila,Allen,mila.allen@example.com
785,Skylar,Johnson,skylar.johnson@example.com
786,Chloe,Sanders,chloe.sanders@example.com
787,Aubrey,Simmons,aubrey.simmons@example.com
788,Madelyn,Watson,madelyn.watson@example.com
789,Hunter,Campbell,hunter.campbell@example.com
790,Logan,Price,logan.price@example.com
791,Thomas,Campbell,thomas.campbell@example.com
792,Noah,Williams,noah.williams@example.com
793,Stella,Smith,stella.smith@example.com
794,Eva,Nguyen,eva.nguyen@example.com
795,Colton,Lewis,colton.lewis@example.com
796,Scarlett,Gray,scarlett.gray@example.com
797,Stella,Gray,stella.gray@example.com
798,Hunter,Taylor,hunter.taylor@example.com
799,Ethan,Moore,ethan.moore@example.com
800,Asher,Watson,asher.watson@example.com
801,Oliver,Kim,oliver.kim@example.com
802,Samantha,Bennett,samantha.bennett@example.com
803,Hannah,Wood,hannah.wood@example.com
804,Samuel,Collins,samuel.collins@example.com
805,Josiah,Alexander,josiah.alexander@example.com
806,Aubree,Powell,aubree.powell@example.com
807,Leah,Martinez,leah.martinez@example.com
808,Elijah,Cox,elijah.cox@example.com
809,Isaac,Campbell,isaac.campbell@example.com
810,Zoe,Smith,zoe.smith@example.com
811,Liam,Ward,liam.ward@example.com
812,Grace,Flores,grace.flores@example.com
813,Aubree,Williams,aubree.williams@example.com
814,Aubree,Johnson,aubree.johnson@example.com
815,Nora,Smith,nora.smith@example.com
816,Maya,Flores,maya.flores@example.com
817,Samantha,Ward,samantha.ward@example.com
818,Skylar,Simmons,skylar.simmons@example.com
819,Ava,Reed,ava.reed@example.com
820,Elijah,Ross,elijah.ross@example.com
821,Hunter,Allen,hunter.allen@example.com
822,Johnathan,Nguyen,johnathan.nguyen@example.com
823,Madelyn,Bailey,madelyn.bailey@example.com
824,Elijah,Watson,elijah.watson@example.com
825,Aaliyah,Gray,aaliyah.gray@example.com
826,Nolan,Wood,nolan.wood@example.com
827,Isaac,Price,isaac.price@example.com
828,David,Kelly,david.kelly@example.com
829,David,Morgan,david.morgan@example.com
830,Allison,Young,allison.young@example.com
831,Charles,Smith,charles.smith@example.com
832,Rylee,Ross,rylee.ross@example.com
833,Carter,Phillips,carter.phillips@example.com
834,Aria,Morgan,aria.morgan@example.com
835,James,Clark,james.clark@example.com
836,Nathan,Price,nathan.price@example.com
837,Mila,Gray,mila.gray@example.com
838,Benjamin,Gray,benjamin.gray@example.com
839,Mackenzie,Bryant,mackenzie.bryant@example.com
840,Anthony,Williams,anthony.williams@example.com
841,John,Kelly,john.kelly@example.com
842,Jane,Davis,jane.davis@example.com
843,Jaxon,Nguyen,jaxon.nguyen@example.com
844,Joshua,Ross,joshua.ross@example.com
845,Thomas,Smith,thomas.smith@example.com
846,Jackson,Barnes,jackson.barnes@example.com
847,Aaliyah,Hernandez,aaliyah.hernandez@example.com
848,Sadie,Cook,sadie.cook@example.com
849,Jane,James,jane.james@example.com
850,Josiah,Gonzalez,josiah.gonzalez@example.com
851,Christopher,Reed,christopher.reed@example.com
852,Samantha,Nguyen,samantha.nguyen@example.com
853,David,Mitchell,david.mitchell@example.com
854,Grace,Morris,grace.morris@example.com
855,Isaac,Clark,isaac.clark@example.com
856,Victoria,Powell,victoria.powell@example.com
857,Zoe,Hughes,zoe.hughes@example.com
858,Emma,Wood,emma.wood@example.com
859,Zoe,Williams,zoe.williams@example.com
860,Joseph,Flores,joseph.flores@example.com
861,Josiah,Wood,josiah.wood@example.com
862,Lydia,Garcia,lydia.garcia@example.com
863,Gavin,Stewart,gavin.stewart@example.com
864,Grace,Turner,grace.turner@example.com
865,Logan,Perry,logan.perry@example.com
866,Gavin,Nguyen,gavin.nguyen@example.com
867,Riley,Morris,riley.morris@example.com
868,Henry,Henderson,henry.henderson@example.com
869,Josiah,Collins,josiah.collins@example.com
870,Gabriel,Brown,gabriel.brown@example.com
871,Josiah,Sanchez,josiah.sanchez@example.com
872,Aubree,Phillips,aubree.phillips@example.com
873,Ethan,Walker,ethan.walker@example.com
874,Thomas,Green,thomas.green@example.com
875,Asher,Bryant,asher.bryant@example.com
876,Sadie,Baker,sadie.baker@example.com
877,Kaylee,Stewart,kaylee.stewart@example.com
878,David,Smith,david.smith@example.com
879,John,Ramirez,john.ramirez@example.com
880,Noah,Cook,noah.cook@example.com
881,Aubree,Reed,aubree.reed@example.com
882,Jaxon,Diaz,jaxon.diaz@example.com
883,Scarlett,Powell,scarlett.powell@example.com
884,Michael,Watson,michael.watson@example.com
885,Daniel,Patel,daniel.patel@example.com
886,Luna,Hernandez,luna.hernandez@example.com
887,Mackenzie,Cook,mackenzie.cook@example.com
888,Zoe,Walker,zoe.walker@example.com
889,Sofia,Henderson,sofia.henderson@example.com
890,William,Patel,william.patel@example.com
891,Aiden,Wright,aiden.wright@example.com
892,Allison,Wilson,allison.wilson@example.com
893,Samantha,Bell,samantha.bell@example.com
894,Zoe,Young,zoe.young@example.com
895,Nolan,Miller,nolan.miller@example.com
896,Lily,Morris,lily.morris@example.com
897,Alexander,Allen,alexander.allen@example.com
898,Allison,Kelly,allison.kelly@example.com
899,Jane,Bennett,jane.bennett@example.com
900,Victoria,Coleman,victoria.coleman@example.com
901,Chloe,Taylor,chloe.taylor@example.com
902,Lydia,Ross,lydia.ross@example.com
903,Logan,Barnes,logan.barnes@example.com
904,Wyatt,Gray,wyatt.gray@example.com
905,Dylan,Davis,dylan.davis@example.com
906,Sofia,Washington,sofia.washington@example.com
907,Daniel,Flores,daniel.flores@example.com
908,Piper,Wright,piper.wright@example.com
909,Sofia,Barnes,sofia.barnes@example.com
910,Addison,Campbell,addison.campbell@example.com
911,Emma,Howard,emma.howard@example.com
912,Carter,Wilson,carter.wilson@example.com
913,Kaylee,Ward,kaylee.ward@example.com
914,Dylan,James,dylan.james@example.com
915,Harper,Kim,harper.kim@example.com
916,Nathan,Roberts,nathan.roberts@example.com
917,Noah,Patterson,noah.patterson@example.com
918,Nathan,Ward,nathan.ward@example.com
919,Grace,Butler,grace.butler@example.com
920,Scarlett,Ward,scarlett.ward@example.com
921,Aaron,Ross,aaron.ross@example.com
922,Ethan,Price,ethan.price@example.com
923,Levi,Baker,levi.baker@example.com
924,Johnathan,Wright,johnathan.wright@example.com
925,Eva,Clark,eva.clark@example.com
926,Arianna,Roberts,arianna.roberts@example.com
927,Liam,Morris,liam.morris@example.com
928,Asher,Morgan,asher.morgan@example.com
929,Stella,Walker,stella.walker@example.com
930,Bob,Johnson,bob.johnson@example.com
931,Skylar,Cox,skylar.cox@example.com
932,Oliver,Mitchell,oliver.mitchell@example.com
933,Alice,Adams,alice.adams@example.com
934,Charlie,Walker,charlie.walker@example.com
935,Kylie,Patel,kylie.patel@example.com
936,Jackson,Bennett,jackson.bennett@example.com
937,Stella,James,stella.james@example.com
938,Autumn,Allen,autumn.allen@example.com
939,Kinsley,Watson,kinsley.watson@example.com
940,Mason,Howard,mason.howard@example.com
941,Henry,Moore,henry.moore@example.com
942,Andrew,Collins,andrew.collins@example.com
943,Christian,Wright,christian.wright@example.com
944,Charlie,Sanders,charlie.sanders@example.com
945,Layla,Ramirez,layla.ramirez@example.com
946,Wyatt,Ramirez,wyatt.ramirez@example.com
947,Ella,Foster,ella.foster@example.com
948,Brooklyn,Phillips,brooklyn.phillips@example.com
949,Josiah,Miller,josiah.miller@example.com
950,Natalie,Evans,natalie.evans@example.com
951,Ariana,Wright,ariana.wright@example.com
952,Harper,Scott,harper.scott@example.com
953,Sofia,Jenkins,sofia.jenkins@example.com
954,Peyton,Kim,peyton.kim@example.com
955,Eva,Lee,eva.lee@example.com
956,Mackenzie,Patel,mackenzie.patel@example.com
957,Skylar,Hall,skylar.hall@example.com
958,Liam,Patel,liam.patel@example.com
959,Emma,Kim,emma.kim@example.com
960,David,Nguyen,david.nguyen@example.com
961,Ava,Watson,ava.watson@example.com
962,Henry,Lewis,henry.lewis@example.com
963,Christopher,Cox,christopher.cox@example.com
964,Jonathan,Hernandez,jonathan.hernandez@example.com
965,Nathan,Johnson,nathan.johnson@example.com
966,Sadie,Campbell,sadie.campbell@example.com
967,Riley,Wright,riley.wright@example.com
968,Elijah,Hughes,elijah.hughes@example.com
969,Bella,Garcia,bella.garcia@example.com
970,Lily,Young,lily.young@example.com
971,Charlie,Turner,charlie.turner@example.com
972,David,Foster,david.foster@example.com
973,Daniel,Hernandez,daniel.hernandez@example.com
974,Ryan,Cook,ryan.cook@example.com
975,Lydia,Williams,lydia.williams@example.com
976,Sophie,Russell,sophie.russell@example.com
977,Chase,Doe,chase.doe@example.com
978,Mia,Clark,mia.clark@example.com
979,Madelyn,Richardson,madelyn.richardson@example.com
980,Kaylee,Lewis,kaylee.lewis@example.com
981,Samuel,Young,samuel.young@example.com
982,Ella,Smith,ella.smith@example.com
983,Gavin,Watson,gavin.watson@example.com
984,Jackson,Coleman,jackson.coleman@example.com
985,Lucas,Barnes,lucas.barnes@example.com
986,Josiah,Ward,josiah.ward@example.com
987,Harper,Bryant,harper.bryant@example.com
988,Kylie,Bryant,kylie.bryant@example.com
989,Sophia,Bailey,sophia.bailey@example.com
990,Serenity,Cook,serenity.cook@example.com
991,David,Butler,david.butler@example.com
992,Mia,Rogers,mia.rogers@example.com
993,Joseph,Martinez,joseph.martinez@example.com
994,Ariana,Sanchez,ariana.sanchez@example.com
995,Alyssa,Lopez,alyssa.lopez@example.com
996,Joseph,Jenkins,joseph.jenkins@example.com
997,Luke,Walker,luke.walker@example.com
998,Nathan,Simmons,nathan.simmons@example.com
999,Sofia,Ross,sofia.ross@example.com
1000,Allison,Butler,allison.butler@example.com
